{"content\/scsspb\/blog\/ppoekty\/post\/2009-03-29-01-28-37_featured,promyshlennost_avtomobilnyj-zavod-nissan.md":7,"content\/scsspb\/blog\/ppoekty\/post\/2015-03-28-01-54-10_featured,promyshlennost_pivovarennyj-zavod-sab-miller.md":5,"content\/static\/personal.md":2,"content\/static\/vacancy.md":13,"content\/static\/review.md":14,"content\/static\/license.md":2,"content\/static\/licenses.md":9,"content\/scsspb\/blog\/ppoekty\/post\/2013-05-02-01-48-23_featured,goszakaz_mariinskij-teatr.md":2,"content\/static\/electro.md":1,"content\/static\/security.md":2,"content\/static\/fireguard.md":1,"content\/static\/telecommunication.md":1,"content\/static\/automatics.md":1,"content\/static\/water.md":1,"content\/scsspb\/blog\/ppoekty\/post\/2017-07-15-03-56-06_pozharotushenie,seti_torgovo-servisnyj-centr-kompanii-vebasto-rus.md":2,"content\/scsspb\/blog\/novosti\/post\/2017-06-10-03-24-03_pozharotushenie,seti_zhk-dinastiya-gmoskva-nachalo-rabot.md":2,"content\/scsspb\/blog\/novosti\/post\/2018-03-12-03-28-52_pozharotushenie,seti_zhk-dinastiya-gmoskva-okonchanie-rabot.md":1,"content\/scsspb\/blog\/novosti\/post\/2018-06-29-03-31-57_elektrosnabzhenie_molokozavod-zao-plemennoj-zavod-prinevskoe.md":1,"content\/scsspb\/blog\/novosti\/post\/2018-09-01-03-35-12_seti_detskij-sad-v-zhk-ya-romantik.md":2,"content\/scsspb\/blog\/novosti\/post\/2018-11-10-03-40-07_seti_hram-svyatogo-velikomuchenika-dimitriya-solunskogo-peterburg.md":1,"content\/scsspb\/blog\/novosti\/post\/2019-01-13-03-37-24_seti_detskij-sad-v-zhk-ya-romantik-konec-montazha.md":1}